{"Prettier": 17.30399540424347, "ESLint": 18.422400245666502, "Go Format": 0.07532071352005004, "Ruff Format": 0.14429878950119018, "Ruff Lint": 0.05364064693450926, "Go Vet": 0.7915762591361999, "Go Build": 0.23990009307861324, "Go Tests": 1.995609548091888, "Pytest": 7.5601215124130245, "TypeScript Check": 13.830346722602842, "Vite Build": 63.94827562570571, "Vitest Units": 92.62390496730804, "MyPy": 2.309984390735626}