{"Prettier": 16.11352417421341, "ESLint": 19.70113337707519, "Go Format": 0.06851205325126647, "Ruff Format": 0.12942690682411193, "Ruff Lint": 0.05156624937057493, "Go Vet": 0.7842039415836333, "Go Build": 0.2197847471237182, "Go Tests": 1.521235841989517, "Pytest": 11.854116494655608, "TypeScript Check": 13.830346722602842, "Vite Build": 98.5606161057949, "Vitest Units": 92.62390496730804, "MyPy": 3.001152834653854, "last_e2e_ts": 1770308285.275815}